<?xml version="1.0" encoding="UTF-8"?>
<mule xmlns:doc="http://www.mulesoft.org/schema/mule/documentation" xmlns="http://www.mulesoft.org/schema/mule/core" xmlns:apikit="http://www.mulesoft.org/schema/mule/apikit" xmlns:http="http://www.mulesoft.org/schema/mule/http" xmlns:spring="http://www.springframework.org/schema/beans" xmlns:xsi="http://www.w3.org/2001/XMLSchema-instance" xsi:schemaLocation="http://www.mulesoft.org/schema/mule/core http://www.mulesoft.org/schema/mule/core/current/mule.xsd
http://www.mulesoft.org/schema/mule/http http://www.mulesoft.org/schema/mule/http/current/mule-http.xsd
http://www.mulesoft.org/schema/mule/apikit http://www.mulesoft.org/schema/mule/apikit/current/mule-apikit.xsd
http://www.springframework.org/schema/beans http://www.springframework.org/schema/beans/spring-beans-3.1.xsd">
    <apikit:config name="doctor-config" raml="doctor.raml" consoleEnabled="false" doc:name="Router"/>
    <flow name="doctor-main">
        <http:listener config-ref="DomainHttpListenerConfiguration" path="/doctor-api/*" doc:name="HTTP"/>
        <apikit:router config-ref="doctor-config" doc:name="APIkit Router"/>
        <exception-strategy ref="doctor-apiKitGlobalExceptionMapping" doc:name="Reference Exception Strategy"/>
    </flow>
    <flow name="doctor-console">
        <http:listener config-ref="DomainHttpListenerConfiguration" path="/doctor-console/*" doc:name="HTTP"/>
        <apikit:console config-ref="doctor-config" doc:name="APIkit Console"/>
    </flow>
    <flow name="post:/getDoctorDashboardDetail:doctor-config">
        <set-payload value="{&#xA;   &quot;status&quot;: true,&#xA;   &quot;statistic_report&quot;: {&#xA;     &quot;patient_fbs_scale&quot;: &quot;&quot;,&#xA;     &quot;patient_ppbs_scale&quot;: &quot;&quot;,&#xA;     &quot;patient_rbs_scale&quot;: &quot;&quot;,&#xA;     &quot;patient_bp_scale&quot;: &quot;&quot;,&#xA;     &quot;patient_bg_scale&quot;: &quot;&quot;,&#xA;     &quot;output_param1&quot;: &quot;&quot;,&#xA;     &quot;output_param2&quot;: &quot;&quot;,&#xA;     &quot;output_param3&quot;: &quot;&quot;,&#xA;     &quot;output_param4&quot;: &quot;&quot;&#xA;  },&#xA;  &quot;summary_report&quot;: [{&#xA;     &quot;patient_id&quot;: &quot;&quot;,&#xA;     &quot;patient_name&quot;: &quot;&quot;,&#xA;     &quot;patient_dob&quot;: &quot;&quot;,&#xA;     &quot;output_param1&quot;: &quot;&quot;,&#xA;     &quot;output_param2&quot;: &quot;&quot;,&#xA;     &quot;output_param3&quot;: &quot;&quot;,&#xA;     &quot;output_param4&quot;: &quot;&quot;&#xA;  }],&#xA;   &quot;message&quot;: &quot;login successfull&quot;,&#xA;   &quot;statusCode&quot;: &quot;200&quot;&#xA; }" doc:name="Set Payload"/>
    </flow>
    <apikit:mapping-exception-strategy name="doctor-apiKitGlobalExceptionMapping">
        <apikit:mapping statusCode="404">
            <apikit:exception value="org.mule.module.apikit.exception.NotFoundException" />
            <set-property propertyName="Content-Type" value="application/json" doc:name="Property"/>
            <set-payload value="{ &quot;message&quot;: &quot;Resource not found&quot; }" doc:name="Set Payload"/>
        </apikit:mapping>
        <apikit:mapping statusCode="405">
            <apikit:exception value="org.mule.module.apikit.exception.MethodNotAllowedException" />
            <set-property propertyName="Content-Type" value="application/json" doc:name="Property"/>
            <set-payload value="{ &quot;message&quot;: &quot;Method not allowed&quot; }" doc:name="Set Payload"/>
        </apikit:mapping>
        <apikit:mapping statusCode="415">
            <apikit:exception value="org.mule.module.apikit.exception.UnsupportedMediaTypeException" />
            <set-property propertyName="Content-Type" value="application/json" doc:name="Property"/>
            <set-payload value="{ &quot;message&quot;: &quot;Unsupported media type&quot; }" doc:name="Set Payload"/>
        </apikit:mapping>
        <apikit:mapping statusCode="406">
            <apikit:exception value="org.mule.module.apikit.exception.NotAcceptableException" />
            <set-property propertyName="Content-Type" value="application/json" doc:name="Property"/>
            <set-payload value="{ &quot;message&quot;: &quot;Not acceptable&quot; }" doc:name="Set Payload"/>
        </apikit:mapping>
        <apikit:mapping statusCode="400">
            <apikit:exception value="org.mule.module.apikit.exception.BadRequestException" />
            <set-property propertyName="Content-Type" value="application/json" doc:name="Property"/>
            <set-payload value="{ &quot;message&quot;: &quot;Bad request&quot; }" doc:name="Set Payload"/>
        </apikit:mapping>
    </apikit:mapping-exception-strategy>
</mule>
